Modelo,Repositorio,Arquivo,LOC,Funcoes,CC_Total,CC_Media_Funcao,CC_Maxima,Cognitiva_Total,Cognitiva_Media_Funcao,Cognitiva_Maxima,Maior_Funcao_LOC,Aninhamento_Maximo,Duplicacao_Tokens_Pct,Smell_Funcao_Longa,Smell_CC_Alta,Smell_Cognitiva_Alta,Smell_Aninhamento,Smell_Arquivo_Grande,Smell_Duplicacao,Code_Smells_Total,Diagnosticos_Sintaticos
Original,ReactAdmin,ReactAdmin_AddUser.js,86,19,44,2.32,18,28,1.47,23,550,3,20.36,1,1,1,0,0,1,4,0
Original,ReactAdmin,ReactAdmin_Dashboard.js,518,37,65,1.76,6,35,0.95,10,692,4,38.07,4,0,0,1,1,1,7,0
Original,ReactAdmin,ReactAdmin_Ecommerce.js,328,39,67,1.72,6,35,0.9,10,394,4,21.2,2,0,0,1,1,1,5,0
Original,ReactAdmin,ReactAdmin_Products.js,561,3,8,2.67,6,5,1.67,5,424,1,75.98,1,0,0,0,1,1,3,0
Original,ReactAdmin,ReactAdmin_UserList.js,337,33,61,1.85,8,34,1.03,10,401,4,22.6,3,0,0,1,1,1,6,0
Original,TakeNote,TakeNote_App.tsx,53,3,5,1.67,3,2,0.67,2,61,1,35.17,1,0,0,0,0,1,2,0
Original,TakeNote,TakeNote_AppSidebar.tsx,95,11,11,1,1,0,0,0,89,0,66.37,1,0,0,0,0,1,2,0
Original,TakeNote,TakeNote_CategoryList.tsx,146,17,30,1.76,8,15,0.88,9,182,2,47.39,1,0,0,0,0,1,2,0
Original,TakeNote,TakeNote_CategoryOption.tsx,150,22,29,1.32,4,7,0.32,3,129,1,22.78,2,0,0,0,0,1,3,0
Original,TakeNote,TakeNote_ContextMenu.tsx,123,11,22,2,5,12,1.09,4,83,2,10.71,1,0,0,0,0,1,2,0
Original,TakeNote,TakeNote_ContextMenuOptions.tsx,105,24,35,1.46,10,14,0.58,12,115,3,37.78,2,0,0,0,0,1,3,0
Original,TakeNote,TakeNote_FolderOption.tsx,80,8,12,1.5,3,6,0.75,3,71,2,26.82,1,0,0,0,0,1,2,0
Original,TakeNote,TakeNote_KeyboardShortcuts.tsx,94,27,34,1.26,4,7,0.26,3,104,1,30.63,1,0,0,0,0,1,2,0
Original,TakeNote,TakeNote_LandingPage.tsx,14,2,4,2,3,3,1.5,3,141,2,0,1,0,0,0,0,0,1,0
Original,TakeNote,TakeNote_NoteEditor.tsx,107,11,24,2.18,5,17,1.55,6,107,3,7.63,2,0,0,0,0,0,2,0
Original,TakeNote,TakeNote_NoteList.tsx,208,26,60,2.31,12,39,1.5,13,251,2,21.08,2,2,0,0,0,1,5,0
Original,TakeNote,TakeNote_NoteMenuBar.tsx,106,20,30,1.5,9,12,0.6,10,149,2,38.84,1,0,0,0,0,1,2,0
Original,TakeNote,TakeNote_PreviewEditor.tsx,44,8,12,1.5,5,7,0.88,7,53,2,27.84,1,0,0,0,0,1,2,0
Original,TakeNote,TakeNote_SettingsModal.tsx,265,26,37,1.42,4,11,0.42,3,261,1,44.16,1,0,0,0,0,1,2,0
Original,TakeNote,TakeNote_TakeNoteApp.tsx,85,10,15,1.5,5,5,0.5,4,84,1,34.36,1,0,0,0,0,1,2,0
Gemini,ReactAdmin,ReactAdmin_AddUser.js,57,24,49,2.04,9,21,0.88,8,188,2,28.98,4,0,0,0,0,1,5,0
Gemini,ReactAdmin,ReactAdmin_Dashboard.js,498,38,65,1.71,6,34,0.89,10,547,4,37.49,3,0,0,1,1,1,6,0
Gemini,ReactAdmin,ReactAdmin_Ecommerce.js,234,41,75,1.83,7,41,1,10,312,4,10.35,2,0,0,1,0,1,4,0
Gemini,ReactAdmin,ReactAdmin_Products.js,350,14,20,1.43,3,6,0.43,2,90,1,59.61,2,0,0,0,1,1,4,0
Gemini,ReactAdmin,ReactAdmin_UserList.js,295,32,59,1.84,7,33,1.03,10,354,4,17.64,2,0,0,1,0,1,4,0
Gemini,TakeNote,TakeNote_App.tsx,46,3,6,2,4,3,1,3,31,1,14.81,0,0,0,0,0,1,1,0
Gemini,TakeNote,TakeNote_AppSidebar.tsx,118,11,11,1,1,0,0,0,116,0,66.87,1,0,0,0,0,1,2,0
Gemini,TakeNote,TakeNote_CategoryList.tsx,178,18,31,1.72,6,13,0.72,5,206,1,43.3,1,0,0,0,0,1,2,0
Gemini,TakeNote,TakeNote_CategoryOption.tsx,56,15,22,1.47,3,7,0.47,2,132,1,25.24,2,0,0,0,0,1,3,0
Gemini,TakeNote,TakeNote_ContextMenu.tsx,67,9,20,2.22,5,11,1.22,4,66,1,0,1,0,0,0,0,0,1,0
Gemini,TakeNote,TakeNote_ContextMenuOptions.tsx,104,17,28,1.65,7,11,0.65,6,78,1,26.6,2,0,0,0,0,1,3,0
Gemini,TakeNote,TakeNote_FolderOption.tsx,61,7,10,1.43,3,3,0.43,2,51,1,0,1,0,0,0,0,0,1,0
Gemini,TakeNote,TakeNote_KeyboardShortcuts.tsx,111,15,22,1.47,4,7,0.47,3,124,1,25.98,1,0,0,0,0,1,2,0
Gemini,TakeNote,TakeNote_LandingPage.tsx,17,6,8,1.33,3,2,0.33,2,61,1,0,1,0,0,0,0,0,1,0
Gemini,TakeNote,TakeNote_NoteEditor.tsx,118,10,22,2.2,5,12,1.2,4,98,1,18.1,1,0,0,0,0,1,2,0
Gemini,TakeNote,TakeNote_NoteList.tsx,202,29,64,2.21,10,36,1.24,10,148,2,31.56,2,0,0,0,0,1,3,0
Gemini,TakeNote,TakeNote_NoteMenuBar.tsx,62,14,24,1.71,9,12,0.86,10,169,2,27.4,1,0,0,0,0,1,2,0
Gemini,TakeNote,TakeNote_PreviewEditor.tsx,41,6,10,1.67,4,4,0.67,3,40,1,22.01,0,0,0,0,0,1,1,0
Gemini,TakeNote,TakeNote_SettingsModal.tsx,309,18,29,1.61,4,11,0.61,3,311,1,50.81,1,0,0,0,1,1,3,0
Gemini,TakeNote,TakeNote_TakeNoteApp.tsx,97,5,10,2,5,5,1,4,90,1,18.99,1,0,0,0,0,1,2,0
DeepSeek,ReactAdmin,ReactAdmin_AddUser.js,58,24,50,2.08,9,23,0.96,8,171,1,30.18,4,0,0,0,0,1,5,0
DeepSeek,ReactAdmin,ReactAdmin_Dashboard.js,471,45,73,1.62,6,35,0.78,10,198,4,44.2,7,0,0,1,1,1,10,0
DeepSeek,ReactAdmin,ReactAdmin_Ecommerce.js,407,47,74,1.57,6,30,0.64,6,317,3,17.93,4,0,0,0,1,1,6,0
DeepSeek,ReactAdmin,ReactAdmin_Products.js,477,8,14,1.75,5,6,0.75,4,268,1,57.82,1,0,0,0,1,1,3,0
DeepSeek,ReactAdmin,ReactAdmin_UserList.js,323,32,60,1.88,8,34,1.06,10,342,4,17.07,2,0,0,1,1,1,5,0
DeepSeek,TakeNote,TakeNote_App.tsx,57,4,6,1.5,3,2,0.5,2,36,1,32.8,0,0,0,0,0,1,1,0
DeepSeek,TakeNote,TakeNote_AppSidebar.tsx,101,11,11,1,1,0,0,0,84,0,54.95,1,0,0,0,0,1,2,0
DeepSeek,TakeNote,TakeNote_CategoryList.tsx,188,18,30,1.67,8,14,0.78,9,115,2,47.14,2,0,0,0,0,1,3,0
DeepSeek,TakeNote,TakeNote_CategoryOption.tsx,217,22,29,1.32,4,7,0.32,3,198,1,44.42,2,0,0,0,0,1,3,0
DeepSeek,TakeNote,TakeNote_ContextMenu.tsx,70,10,20,2,5,10,1,4,38,1,0,0,0,0,0,0,0,0,0
DeepSeek,TakeNote,TakeNote_ContextMenuOptions.tsx,176,15,26,1.73,8,12,0.8,8,75,2,41.74,1,0,0,0,0,1,2,0
DeepSeek,TakeNote,TakeNote_FolderOption.tsx,46,10,14,1.4,3,4,0.4,3,66,2,36.16,1,0,0,0,0,1,2,0
DeepSeek,TakeNote,TakeNote_KeyboardShortcuts.tsx,78,16,22,1.38,4,6,0.38,3,64,1,27.55,1,0,0,0,0,1,2,0
DeepSeek,TakeNote,TakeNote_LandingPage.tsx,14,9,11,1.22,3,2,0.22,2,33,1,0,0,0,0,0,0,0,0,0
DeepSeek,TakeNote,TakeNote_NoteEditor.tsx,147,10,23,2.3,5,14,1.4,5,85,2,26.42,2,0,0,0,0,1,3,0
DeepSeek,TakeNote,TakeNote_NoteList.tsx,274,29,63,2.17,12,39,1.34,13,149,2,24.92,2,2,0,0,0,1,5,0
DeepSeek,TakeNote,TakeNote_NoteMenuBar.tsx,78,21,31,1.48,9,12,0.57,10,135,2,35.03,1,0,0,0,0,1,2,0
DeepSeek,TakeNote,TakeNote_PreviewEditor.tsx,39,4,8,2,4,4,1,3,28,1,23.94,0,0,0,0,0,1,1,0
DeepSeek,TakeNote,TakeNote_SettingsModal.tsx,289,25,35,1.4,4,10,0.4,3,161,1,45.89,2,0,0,0,0,1,3,0
DeepSeek,TakeNote,TakeNote_TakeNoteApp.tsx,86,7,12,1.71,5,5,0.71,4,51,1,20.87,1,0,0,0,0,1,2,0
Mistral,ReactAdmin,ReactAdmin_AddUser.js,37,26,46,1.77,6,17,0.65,5,287,1,23.23,5,0,0,0,0,1,6,0
Mistral,ReactAdmin,ReactAdmin_Dashboard.js,256,49,76,1.55,6,33,0.67,10,143,4,36.95,7,0,0,1,0,1,9,0
Mistral,ReactAdmin,ReactAdmin_Ecommerce.js,352,41,67,1.63,6,32,0.78,10,364,4,19.24,2,0,0,1,1,1,5,0
Mistral,ReactAdmin,ReactAdmin_Products.js,430,17,20,1.18,2,3,0.18,1,165,1,55.84,1,0,0,0,1,1,3,0
Mistral,ReactAdmin,ReactAdmin_UserList.js,252,36,60,1.67,5,30,0.83,10,335,4,14.92,1,0,0,1,0,1,3,0
Mistral,TakeNote,TakeNote_App.tsx,57,5,7,1.4,2,2,0.4,1,16,1,28.76,0,0,0,0,0,1,1,0
Mistral,TakeNote,TakeNote_AppSidebar.tsx,163,18,18,1,1,0,0,0,36,0,47.3,0,0,0,0,0,1,1,0
Mistral,TakeNote,TakeNote_CategoryList.tsx,173,20,33,1.65,6,14,0.7,6,199,2,48.53,1,0,0,0,0,1,2,0
Mistral,TakeNote,TakeNote_CategoryOption.tsx,228,28,34,1.21,4,6,0.21,3,67,1,20.11,2,0,0,0,0,1,3,0
Mistral,TakeNote,TakeNote_ContextMenu.tsx,135,12,23,1.92,5,11,0.92,4,59,1,12.61,2,0,0,0,0,1,3,0
Mistral,TakeNote,TakeNote_ContextMenuOptions.tsx,97,17,28,1.65,7,11,0.65,6,111,1,42.99,1,0,0,0,0,1,2,0
Mistral,TakeNote,TakeNote_FolderOption.tsx,89,9,11,1.22,3,2,0.22,2,69,1,43.46,1,0,0,0,0,1,2,0
Mistral,TakeNote,TakeNote_KeyboardShortcuts.tsx,170,23,31,1.35,4,8,0.35,3,75,1,29.51,1,0,0,0,0,1,2,0
Mistral,TakeNote,TakeNote_LandingPage.tsx,14,10,12,1.2,3,3,0.3,3,51,2,28.57,1,0,0,0,0,1,2,0
Mistral,TakeNote,TakeNote_NoteEditor.tsx,124,12,24,2,5,13,1.08,5,62,2,17.6,1,0,0,0,0,1,2,0
Mistral,TakeNote,TakeNote_NoteList.tsx,168,34,68,2,9,36,1.06,8,308,2,41.25,1,0,0,0,0,1,2,0
Mistral,TakeNote,TakeNote_NoteMenuBar.tsx,107,28,38,1.36,3,10,0.36,2,187,1,56.55,1,0,0,0,0,1,2,0
Mistral,TakeNote,TakeNote_PreviewEditor.tsx,77,11,13,1.18,3,2,0.18,2,30,1,16.96,0,0,0,0,0,1,1,0
Mistral,TakeNote,TakeNote_SettingsModal.tsx,288,23,32,1.39,3,9,0.39,2,278,1,51.23,1,0,0,0,0,1,2,0
Mistral,TakeNote,TakeNote_TakeNoteApp.tsx,128,14,19,1.36,5,5,0.36,4,54,1,25.24,1,0,0,0,0,1,2,0
